case	kind	nx	ny	batch	r2c_ms	c2r_ms
tutorial_frame	exact	3710	3838	1	0.8407	0.8387
tutorial_frame	7smooth	3750	3840	1	0.3942	0.3922
tutorial_frame	5smooth	3750	3840	1	0.3932	0.3912
tutorial_frame	3smooth	3888	3888	1	0.3502	0.3523
tutorial_patch3x3	exact	1236	1278	24	2.1309	2.1197
tutorial_patch3x3	7smooth	1250	1280	24	0.7066	0.7045
tutorial_patch3x3	5smooth	1250	1280	24	0.7076	0.7045
tutorial_patch3x3	3smooth	1296	1296	24	0.6656	0.6646
tutorial_patch5x5	exact	742	766	24	0.6062	0.6083
tutorial_patch5x5	7smooth	750	768	24	0.2499	0.2580
tutorial_patch5x5	5smooth	750	768	24	0.2499	0.2570
tutorial_patch5x5	3smooth	768	768	24	0.2560	0.2621
tutorial_patch7x7	exact	530	548	24	0.3236	0.3123
tutorial_patch7x7	7smooth	540	560	24	0.1270	0.1260
tutorial_patch7x7	5smooth	540	576	24	0.1260	0.1249
tutorial_patch7x7	3smooth	576	576	24	0.1393	0.1403
k3_frame	exact	5760	4092	1	0.6502	0.6543
k3_frame	7smooth	5760	4096	1	0.5151	0.5171
k3_frame	5smooth	5760	4096	1	0.5140	0.5171
k3_frame	3smooth	5832	4096	1	0.5151	0.5202
k3_patch5x5	exact	1152	818	24	0.7199	0.7199
k3_patch5x5	7smooth	1152	840	24	0.4997	0.5028
k3_patch5x5	5smooth	1152	864	24	0.5059	0.5069
k3_patch5x5	3smooth	1152	864	24	0.5048	0.5069
falcon4_frame	exact	4096	4096	1	0.2857	0.2785
falcon4_frame	7smooth	4096	4096	1	0.2867	0.2816
falcon4_frame	5smooth	4096	4096	1	0.2847	0.2796
falcon4_frame	3smooth	4096	4096	1	0.2857	0.2785
falcon4_patch5x5	exact	818	818	24	0.6810	0.6840
falcon4_patch5x5	7smooth	840	840	24	0.3338	0.3410
falcon4_patch5x5	5smooth	864	864	24	0.3482	0.3564
falcon4_patch5x5	3smooth	864	864	24	0.3482	0.3564
