timestamp, uuid, utilization.gpu [%], memory.used [MiB]
2026/10/01 01:12:37.925, GPU-57be2e4e-89de-a352-97d2-f65f0722338f, 0 %, 0 MiB
2026/10/01 01:12:38.031, GPU-57be2e4e-89de-a352-97d2-f65f0722338f, 0 %, 0 MiB
2026/10/01 01:12:38.131, GPU-57be2e4e-89de-a352-97d2-f65f0722338f, 0 %, 0 MiB
2026/10/01 01:12:38.232, GPU-57be2e4e-89de-a352-97d2-f65f0722338f, 0 %, 0 MiB
2026/10/01 01:12:38.333, GPU-57be2e4e-89de-a352-97d2-f65f0722338f, 0 %, 1 MiB
2026/10/01 01:12:38.433, GPU-57be2e4e-89de-a352-97d2-f65f0722338f, 0 %, 2 MiB
2026/10/01 01:12:38.533, GPU-57be2e4e-89de-a352-97d2-f65f0722338f, 0 %, 4 MiB
2026/10/01 01:12:38.633, GPU-57be2e4e-89de-a352-97d2-f65f0722338f, 0 %, 4 MiB
2026/10/01 01:12:38.733, GPU-57be2e4e-89de-a352-97d2-f65f0722338f, 0 %, 4 MiB
2026/10/01 01:12:38.845, GPU-57be2e4e-89de-a352-97d2-f65f0722338f, 0 %, 4 MiB
2026/10/01 01:12:38.946, GPU-57be2e4e-89de-a352-97d2-f65f0722338f, 0 %, 4 MiB
2026/10/01 01:12:39.092, GPU-57be2e4e-89de-a352-97d2-f65f0722338f, 0 %, 4 MiB
2026/10/01 01:12:39.192, GPU-57be2e4e-89de-a352-97d2-f65f0722338f, 0 %, 4 MiB
2026/10/01 01:12:39.292, GPU-57be2e4e-89de-a352-97d2-f65f0722338f, 0 %, 4 MiB
2026/10/01 01:12:39.393, GPU-57be2e4e-89de-a352-97d2-f65f0722338f, 0 %, 4 MiB
2026/10/01 01:12:39.493, GPU-57be2e4e-89de-a352-97d2-f65f0722338f, 0 %, 4 MiB
2026/10/01 01:12:39.594, GPU-57be2e4e-89de-a352-97d2-f65f0722338f, 0 %, 4 MiB
2026/10/01 01:12:39.698, GPU-57be2e4e-89de-a352-97d2-f65f0722338f, 0 %, 4 MiB
2026/10/01 01:12:39.798, GPU-57be2e4e-89de-a352-97d2-f65f0722338f, 0 %, 4 MiB
2026/10/01 01:12:39.898, GPU-57be2e4e-89de-a352-97d2-f65f0722338f, 0 %, 4 MiB
2026/10/01 01:12:39.998, GPU-57be2e4e-89de-a352-97d2-f65f0722338f, 0 %, 4 MiB
2026/10/01 01:12:40.099, GPU-57be2e4e-89de-a352-97d2-f65f0722338f, 0 %, 4 MiB
2026/10/01 01:12:40.199, GPU-57be2e4e-89de-a352-97d2-f65f0722338f, 0 %, 4 MiB
2026/10/01 01:12:40.299, GPU-57be2e4e-89de-a352-97d2-f65f0722338f, 0 %, 4 MiB
2026/10/01 01:12:40.399, GPU-57be2e4e-89de-a352-97d2-f65f0722338f, 0 %, 4 MiB
2026/10/01 01:12:40.500, GPU-57be2e4e-89de-a352-97d2-f65f0722338f, 0 %, 4 MiB
2026/10/01 01:12:40.600, GPU-57be2e4e-89de-a352-97d2-f65f0722338f, 0 %, 4 MiB
2026/10/01 01:12:40.706, GPU-57be2e4e-89de-a352-97d2-f65f0722338f, 0 %, 4 MiB
2026/10/01 01:12:40.807, GPU-57be2e4e-89de-a352-97d2-f65f0722338f, 0 %, 4 MiB
2026/10/01 01:12:40.907, GPU-57be2e4e-89de-a352-97d2-f65f0722338f, 0 %, 21 MiB
2026/10/01 01:12:41.007, GPU-57be2e4e-89de-a352-97d2-f65f0722338f, 0 %, 23 MiB
2026/10/01 01:12:41.107, GPU-57be2e4e-89de-a352-97d2-f65f0722338f, 0 %, 3243 MiB
2026/10/01 01:12:41.208, GPU-57be2e4e-89de-a352-97d2-f65f0722338f, 0 %, 3243 MiB
2026/10/01 01:12:41.308, GPU-57be2e4e-89de-a352-97d2-f65f0722338f, 2 %, 3299 MiB
2026/10/01 01:12:41.408, GPU-57be2e4e-89de-a352-97d2-f65f0722338f, 2 %, 3299 MiB
2026/10/01 01:12:41.508, GPU-57be2e4e-89de-a352-97d2-f65f0722338f, 4 %, 3187 MiB
2026/10/01 01:12:41.609, GPU-57be2e4e-89de-a352-97d2-f65f0722338f, 4 %, 3297 MiB
2026/10/01 01:12:41.709, GPU-57be2e4e-89de-a352-97d2-f65f0722338f, 21 %, 3525 MiB
2026/10/01 01:12:41.809, GPU-57be2e4e-89de-a352-97d2-f65f0722338f, 21 %, 3303 MiB
2026/10/01 01:12:41.909, GPU-57be2e4e-89de-a352-97d2-f65f0722338f, 53 %, 3303 MiB
2026/10/01 01:12:42.009, GPU-57be2e4e-89de-a352-97d2-f65f0722338f, 53 %, 3303 MiB
2026/10/01 01:12:42.110, GPU-57be2e4e-89de-a352-97d2-f65f0722338f, 83 %, 3191 MiB
2026/10/01 01:12:42.210, GPU-57be2e4e-89de-a352-97d2-f65f0722338f, 83 %, 3525 MiB
2026/10/01 01:12:42.310, GPU-57be2e4e-89de-a352-97d2-f65f0722338f, 12 %, 3303 MiB
2026/10/01 01:12:42.410, GPU-57be2e4e-89de-a352-97d2-f65f0722338f, 12 %, 3303 MiB
2026/10/01 01:12:42.511, GPU-57be2e4e-89de-a352-97d2-f65f0722338f, 66 %, 3303 MiB
2026/10/01 01:12:42.611, GPU-57be2e4e-89de-a352-97d2-f65f0722338f, 66 %, 3191 MiB
2026/10/01 01:12:42.711, GPU-57be2e4e-89de-a352-97d2-f65f0722338f, 53 %, 3525 MiB
2026/10/01 01:12:42.811, GPU-57be2e4e-89de-a352-97d2-f65f0722338f, 53 %, 3303 MiB
2026/10/01 01:12:42.912, GPU-57be2e4e-89de-a352-97d2-f65f0722338f, 39 %, 3303 MiB
2026/10/01 01:12:43.012, GPU-57be2e4e-89de-a352-97d2-f65f0722338f, 39 %, 3303 MiB
2026/10/01 01:12:43.112, GPU-57be2e4e-89de-a352-97d2-f65f0722338f, 79 %, 3191 MiB
2026/10/01 01:12:43.212, GPU-57be2e4e-89de-a352-97d2-f65f0722338f, 79 %, 3525 MiB
2026/10/01 01:12:43.312, GPU-57be2e4e-89de-a352-97d2-f65f0722338f, 25 %, 3303 MiB
2026/10/01 01:12:43.413, GPU-57be2e4e-89de-a352-97d2-f65f0722338f, 25 %, 3303 MiB
2026/10/01 01:12:43.513, GPU-57be2e4e-89de-a352-97d2-f65f0722338f, 65 %, 3303 MiB
2026/10/01 01:12:43.613, GPU-57be2e4e-89de-a352-97d2-f65f0722338f, 65 %, 3191 MiB
2026/10/01 01:12:43.713, GPU-57be2e4e-89de-a352-97d2-f65f0722338f, 53 %, 3525 MiB
2026/10/01 01:12:43.814, GPU-57be2e4e-89de-a352-97d2-f65f0722338f, 53 %, 3303 MiB
2026/10/01 01:12:43.914, GPU-57be2e4e-89de-a352-97d2-f65f0722338f, 38 %, 3303 MiB
2026/10/01 01:12:44.014, GPU-57be2e4e-89de-a352-97d2-f65f0722338f, 38 %, 3303 MiB
2026/10/01 01:12:44.114, GPU-57be2e4e-89de-a352-97d2-f65f0722338f, 86 %, 3191 MiB
2026/10/01 01:12:44.215, GPU-57be2e4e-89de-a352-97d2-f65f0722338f, 86 %, 3525 MiB
2026/10/01 01:12:44.315, GPU-57be2e4e-89de-a352-97d2-f65f0722338f, 25 %, 3303 MiB
2026/10/01 01:12:44.415, GPU-57be2e4e-89de-a352-97d2-f65f0722338f, 25 %, 3303 MiB
2026/10/01 01:12:44.515, GPU-57be2e4e-89de-a352-97d2-f65f0722338f, 69 %, 3303 MiB
2026/10/01 01:12:44.615, GPU-57be2e4e-89de-a352-97d2-f65f0722338f, 69 %, 3191 MiB
2026/10/01 01:12:44.716, GPU-57be2e4e-89de-a352-97d2-f65f0722338f, 43 %, 3525 MiB
2026/10/01 01:12:44.816, GPU-57be2e4e-89de-a352-97d2-f65f0722338f, 43 %, 3303 MiB
2026/10/01 01:12:44.916, GPU-57be2e4e-89de-a352-97d2-f65f0722338f, 48 %, 3303 MiB
2026/10/01 01:12:45.016, GPU-57be2e4e-89de-a352-97d2-f65f0722338f, 48 %, 3191 MiB
2026/10/01 01:12:45.117, GPU-57be2e4e-89de-a352-97d2-f65f0722338f, 82 %, 3367 MiB
2026/10/01 01:12:45.217, GPU-57be2e4e-89de-a352-97d2-f65f0722338f, 82 %, 469 MiB
2026/10/01 01:12:45.317, GPU-57be2e4e-89de-a352-97d2-f65f0722338f, 25 %, 3303 MiB
2026/10/01 01:12:45.417, GPU-57be2e4e-89de-a352-97d2-f65f0722338f, 25 %, 3303 MiB
2026/10/01 01:12:45.518, GPU-57be2e4e-89de-a352-97d2-f65f0722338f, 84 %, 3461 MiB
2026/10/01 01:12:45.618, GPU-57be2e4e-89de-a352-97d2-f65f0722338f, 84 %, 3367 MiB
2026/10/01 01:12:45.718, GPU-57be2e4e-89de-a352-97d2-f65f0722338f, 24 %, 3247 MiB
2026/10/01 01:12:45.818, GPU-57be2e4e-89de-a352-97d2-f65f0722338f, 24 %, 3303 MiB
2026/10/01 01:12:45.918, GPU-57be2e4e-89de-a352-97d2-f65f0722338f, 65 %, 3303 MiB
2026/10/01 01:12:46.019, GPU-57be2e4e-89de-a352-97d2-f65f0722338f, 65 %, 3191 MiB
2026/10/01 01:12:46.119, GPU-57be2e4e-89de-a352-97d2-f65f0722338f, 62 %, 3367 MiB
2026/10/01 01:12:46.219, GPU-57be2e4e-89de-a352-97d2-f65f0722338f, 62 %, 3303 MiB
2026/10/01 01:12:46.319, GPU-57be2e4e-89de-a352-97d2-f65f0722338f, 36 %, 3303 MiB
2026/10/01 01:12:46.420, GPU-57be2e4e-89de-a352-97d2-f65f0722338f, 36 %, 3303 MiB
2026/10/01 01:12:46.520, GPU-57be2e4e-89de-a352-97d2-f65f0722338f, 79 %, 3191 MiB
2026/10/01 01:12:46.620, GPU-57be2e4e-89de-a352-97d2-f65f0722338f, 79 %, 3301 MiB
2026/10/01 01:12:46.720, GPU-57be2e4e-89de-a352-97d2-f65f0722338f, 29 %, 3303 MiB
2026/10/01 01:12:46.820, GPU-57be2e4e-89de-a352-97d2-f65f0722338f, 29 %, 3303 MiB
2026/10/01 01:12:46.921, GPU-57be2e4e-89de-a352-97d2-f65f0722338f, 68 %, 3303 MiB
2026/10/01 01:12:47.021, GPU-57be2e4e-89de-a352-97d2-f65f0722338f, 68 %, 3191 MiB
2026/10/01 01:12:47.121, GPU-57be2e4e-89de-a352-97d2-f65f0722338f, 49 %, 3301 MiB
2026/10/01 01:12:47.221, GPU-57be2e4e-89de-a352-97d2-f65f0722338f, 49 %, 3303 MiB
2026/10/01 01:12:47.322, GPU-57be2e4e-89de-a352-97d2-f65f0722338f, 43 %, 3303 MiB
2026/10/01 01:12:47.422, GPU-57be2e4e-89de-a352-97d2-f65f0722338f, 43 %, 3303 MiB
2026/10/01 01:12:47.522, GPU-57be2e4e-89de-a352-97d2-f65f0722338f, 85 %, 3191 MiB
2026/10/01 01:12:47.622, GPU-57be2e4e-89de-a352-97d2-f65f0722338f, 85 %, 3525 MiB
2026/10/01 01:12:47.722, GPU-57be2e4e-89de-a352-97d2-f65f0722338f, 22 %, 3303 MiB
2026/10/01 01:12:47.823, GPU-57be2e4e-89de-a352-97d2-f65f0722338f, 22 %, 3303 MiB
2026/10/01 01:12:47.923, GPU-57be2e4e-89de-a352-97d2-f65f0722338f, 76 %, 3303 MiB
2026/10/01 01:12:48.023, GPU-57be2e4e-89de-a352-97d2-f65f0722338f, 76 %, 3191 MiB
2026/10/01 01:12:48.124, GPU-57be2e4e-89de-a352-97d2-f65f0722338f, 35 %, 3525 MiB
2026/10/01 01:12:48.224, GPU-57be2e4e-89de-a352-97d2-f65f0722338f, 35 %, 3303 MiB
2026/10/01 01:12:48.324, GPU-57be2e4e-89de-a352-97d2-f65f0722338f, 47 %, 3303 MiB
2026/10/01 01:12:48.424, GPU-57be2e4e-89de-a352-97d2-f65f0722338f, 47 %, 3303 MiB
2026/10/01 01:12:48.525, GPU-57be2e4e-89de-a352-97d2-f65f0722338f, 83 %, 3191 MiB
2026/10/01 01:12:48.625, GPU-57be2e4e-89de-a352-97d2-f65f0722338f, 83 %, 3525 MiB
2026/10/01 01:12:48.725, GPU-57be2e4e-89de-a352-97d2-f65f0722338f, 20 %, 3303 MiB
2026/10/01 01:12:48.825, GPU-57be2e4e-89de-a352-97d2-f65f0722338f, 20 %, 3303 MiB
2026/10/01 01:12:48.926, GPU-57be2e4e-89de-a352-97d2-f65f0722338f, 83 %, 3191 MiB
2026/10/01 01:12:49.026, GPU-57be2e4e-89de-a352-97d2-f65f0722338f, 83 %, 3299 MiB
2026/10/01 01:12:49.126, GPU-57be2e4e-89de-a352-97d2-f65f0722338f, 28 %, 3525 MiB
2026/10/01 01:12:49.226, GPU-57be2e4e-89de-a352-97d2-f65f0722338f, 28 %, 3303 MiB
2026/10/01 01:12:49.326, GPU-57be2e4e-89de-a352-97d2-f65f0722338f, 62 %, 3303 MiB
2026/10/01 01:12:49.427, GPU-57be2e4e-89de-a352-97d2-f65f0722338f, 62 %, 3191 MiB
2026/10/01 01:12:49.527, GPU-57be2e4e-89de-a352-97d2-f65f0722338f, 68 %, 3367 MiB
2026/10/01 01:12:49.627, GPU-57be2e4e-89de-a352-97d2-f65f0722338f, 68 %, 469 MiB
2026/10/01 01:12:49.727, GPU-57be2e4e-89de-a352-97d2-f65f0722338f, 35 %, 3303 MiB
2026/10/01 01:12:49.828, GPU-57be2e4e-89de-a352-97d2-f65f0722338f, 35 %, 3303 MiB
2026/10/01 01:12:49.928, GPU-57be2e4e-89de-a352-97d2-f65f0722338f, 78 %, 3461 MiB
2026/10/01 01:12:50.028, GPU-57be2e4e-89de-a352-97d2-f65f0722338f, 78 %, 3367 MiB
2026/10/01 01:12:50.128, GPU-57be2e4e-89de-a352-97d2-f65f0722338f, 31 %, 3303 MiB
2026/10/01 01:12:50.229, GPU-57be2e4e-89de-a352-97d2-f65f0722338f, 31 %, 3303 MiB
2026/10/01 01:12:50.329, GPU-57be2e4e-89de-a352-97d2-f65f0722338f, 69 %, 3303 MiB
2026/10/01 01:12:50.429, GPU-57be2e4e-89de-a352-97d2-f65f0722338f, 69 %, 3191 MiB
2026/10/01 01:12:50.529, GPU-57be2e4e-89de-a352-97d2-f65f0722338f, 49 %, 3469 MiB
2026/10/01 01:12:50.629, GPU-57be2e4e-89de-a352-97d2-f65f0722338f, 49 %, 3303 MiB
2026/10/01 01:12:50.730, GPU-57be2e4e-89de-a352-97d2-f65f0722338f, 47 %, 3303 MiB
2026/10/01 01:12:50.830, GPU-57be2e4e-89de-a352-97d2-f65f0722338f, 47 %, 3303 MiB
2026/10/01 01:12:50.930, GPU-57be2e4e-89de-a352-97d2-f65f0722338f, 83 %, 3191 MiB
2026/10/01 01:12:51.030, GPU-57be2e4e-89de-a352-97d2-f65f0722338f, 83 %, 3525 MiB
2026/10/01 01:12:51.131, GPU-57be2e4e-89de-a352-97d2-f65f0722338f, 25 %, 3303 MiB
2026/10/01 01:12:51.231, GPU-57be2e4e-89de-a352-97d2-f65f0722338f, 25 %, 3303 MiB
2026/10/01 01:12:51.331, GPU-57be2e4e-89de-a352-97d2-f65f0722338f, 85 %, 3191 MiB
2026/10/01 01:12:51.431, GPU-57be2e4e-89de-a352-97d2-f65f0722338f, 85 %, 3367 MiB
2026/10/01 01:12:51.531, GPU-57be2e4e-89de-a352-97d2-f65f0722338f, 27 %, 469 MiB
2026/10/01 01:12:51.632, GPU-57be2e4e-89de-a352-97d2-f65f0722338f, 27 %, 3303 MiB
2026/10/01 01:12:51.732, GPU-57be2e4e-89de-a352-97d2-f65f0722338f, 69 %, 3303 MiB
2026/10/01 01:12:51.832, GPU-57be2e4e-89de-a352-97d2-f65f0722338f, 69 %, 3373 MiB
2026/10/01 01:12:51.932, GPU-57be2e4e-89de-a352-97d2-f65f0722338f, 54 %, 3367 MiB
2026/10/01 01:12:52.033, GPU-57be2e4e-89de-a352-97d2-f65f0722338f, 54 %, 3525 MiB
2026/10/01 01:12:52.133, GPU-57be2e4e-89de-a352-97d2-f65f0722338f, 37 %, 3303 MiB
2026/10/01 01:12:52.233, GPU-57be2e4e-89de-a352-97d2-f65f0722338f, 37 %, 3303 MiB
2026/10/01 01:12:52.334, GPU-57be2e4e-89de-a352-97d2-f65f0722338f, 79 %, 3373 MiB
2026/10/01 01:12:52.434, GPU-57be2e4e-89de-a352-97d2-f65f0722338f, 79 %, 3367 MiB
2026/10/01 01:12:52.534, GPU-57be2e4e-89de-a352-97d2-f65f0722338f, 30 %, 3247 MiB
2026/10/01 01:12:52.634, GPU-57be2e4e-89de-a352-97d2-f65f0722338f, 30 %, 3303 MiB
2026/10/01 01:12:52.734, GPU-57be2e4e-89de-a352-97d2-f65f0722338f, 71 %, 3303 MiB
2026/10/01 01:12:52.835, GPU-57be2e4e-89de-a352-97d2-f65f0722338f, 71 %, 3191 MiB
2026/10/01 01:12:52.935, GPU-57be2e4e-89de-a352-97d2-f65f0722338f, 44 %, 3367 MiB
2026/10/01 01:12:53.035, GPU-57be2e4e-89de-a352-97d2-f65f0722338f, 44 %, 1831 MiB
2026/10/01 01:12:53.136, GPU-57be2e4e-89de-a352-97d2-f65f0722338f, 38 %, 469 MiB
2026/10/01 01:12:53.236, GPU-57be2e4e-89de-a352-97d2-f65f0722338f, 38 %, 469 MiB
2026/10/01 01:12:53.337, GPU-57be2e4e-89de-a352-97d2-f65f0722338f, 73 %, 469 MiB
2026/10/01 01:12:53.437, GPU-57be2e4e-89de-a352-97d2-f65f0722338f, 73 %, 469 MiB
2026/10/01 01:12:53.537, GPU-57be2e4e-89de-a352-97d2-f65f0722338f, 0 %, 469 MiB
2026/10/01 01:12:53.637, GPU-57be2e4e-89de-a352-97d2-f65f0722338f, 0 %, 469 MiB
2026/10/01 01:12:53.738, GPU-57be2e4e-89de-a352-97d2-f65f0722338f, 0 %, 469 MiB
2026/10/01 01:12:53.838, GPU-57be2e4e-89de-a352-97d2-f65f0722338f, 0 %, 469 MiB
2026/10/01 01:12:53.938, GPU-57be2e4e-89de-a352-97d2-f65f0722338f, 0 %, 469 MiB
2026/10/01 01:12:54.038, GPU-57be2e4e-89de-a352-97d2-f65f0722338f, 0 %, 469 MiB
2026/10/01 01:12:54.139, GPU-57be2e4e-89de-a352-97d2-f65f0722338f, 0 %, 469 MiB
2026/10/01 01:12:54.239, GPU-57be2e4e-89de-a352-97d2-f65f0722338f, 0 %, 469 MiB
2026/10/01 01:12:54.339, GPU-57be2e4e-89de-a352-97d2-f65f0722338f, 0 %, 457 MiB
2026/10/01 01:12:54.439, GPU-57be2e4e-89de-a352-97d2-f65f0722338f, 0 %, 457 MiB
2026/10/01 01:12:54.539, GPU-57be2e4e-89de-a352-97d2-f65f0722338f, 0 %, 4 MiB
2026/10/01 01:12:54.662, GPU-57be2e4e-89de-a352-97d2-f65f0722338f, 6 %, 4 MiB
2026/10/01 01:12:54.762, GPU-57be2e4e-89de-a352-97d2-f65f0722338f, 6 %, 4 MiB
2026/10/01 01:12:54.862, GPU-57be2e4e-89de-a352-97d2-f65f0722338f, 0 %, 4 MiB
2026/10/01 01:12:54.962, GPU-57be2e4e-89de-a352-97d2-f65f0722338f, 0 %, 4 MiB
2026/10/01 01:12:55.062, GPU-57be2e4e-89de-a352-97d2-f65f0722338f, 0 %, 4 MiB
2026/10/01 01:12:55.163, GPU-57be2e4e-89de-a352-97d2-f65f0722338f, 0 %, 4 MiB
2026/10/01 01:12:55.263, GPU-57be2e4e-89de-a352-97d2-f65f0722338f, 0 %, 4 MiB
2026/10/01 01:12:55.363, GPU-57be2e4e-89de-a352-97d2-f65f0722338f, 0 %, 4 MiB
2026/10/01 01:12:55.463, GPU-57be2e4e-89de-a352-97d2-f65f0722338f, 0 %, 4 MiB
2026/10/01 01:12:55.564, GPU-57be2e4e-89de-a352-97d2-f65f0722338f, 0 %, 4 MiB
2026/10/01 01:12:55.664, GPU-57be2e4e-89de-a352-97d2-f65f0722338f, 0 %, 4 MiB
2026/10/01 01:12:55.764, GPU-57be2e4e-89de-a352-97d2-f65f0722338f, 0 %, 4 MiB
2026/10/01 01:12:55.864, GPU-57be2e4e-89de-a352-97d2-f65f0722338f, 0 %, 4 MiB
2026/10/01 01:12:55.964, GPU-57be2e4e-89de-a352-97d2-f65f0722338f, 0 %, 4 MiB
2026/10/01 01:12:56.065, GPU-57be2e4e-89de-a352-97d2-f65f0722338f, 0 %, 4 MiB
2026/10/01 01:12:56.165, GPU-57be2e4e-89de-a352-97d2-f65f0722338f, 0 %, 4 MiB
2026/10/01 01:12:56.265, GPU-57be2e4e-89de-a352-97d2-f65f0722338f, 0 %, 4 MiB
2026/10/01 01:12:56.366, GPU-57be2e4e-89de-a352-97d2-f65f0722338f, 0 %, 4 MiB
2026/10/01 01:12:56.466, GPU-57be2e4e-89de-a352-97d2-f65f0722338f, 0 %, 4 MiB
2026/10/01 01:12:56.566, GPU-57be2e4e-89de-a352-97d2-f65f0722338f, 0 %, 4 MiB
2026/10/01 01:12:56.666, GPU-57be2e4e-89de-a352-97d2-f65f0722338f, 0 %, 4 MiB
2026/10/01 01:12:56.766, GPU-57be2e4e-89de-a352-97d2-f65f0722338f, 0 %, 4 MiB
2026/10/01 01:12:56.867, GPU-57be2e4e-89de-a352-97d2-f65f0722338f, 0 %, 4 MiB
2026/10/01 01:12:56.967, GPU-57be2e4e-89de-a352-97d2-f65f0722338f, 0 %, 4 MiB
2026/10/01 01:12:57.067, GPU-57be2e4e-89de-a352-97d2-f65f0722338f, 0 %, 4 MiB
2026/10/01 01:12:57.167, GPU-57be2e4e-89de-a352-97d2-f65f0722338f, 0 %, 4 MiB
2026/10/01 01:12:57.268, GPU-57be2e4e-89de-a352-97d2-f65f0722338f, 0 %, 4 MiB
2026/10/01 01:12:57.368, GPU-57be2e4e-89de-a352-97d2-f65f0722338f, 0 %, 4 MiB
2026/10/01 01:12:57.468, GPU-57be2e4e-89de-a352-97d2-f65f0722338f, 0 %, 4 MiB
2026/10/01 01:12:57.568, GPU-57be2e4e-89de-a352-97d2-f65f0722338f, 0 %, 4 MiB
2026/10/01 01:12:57.669, GPU-57be2e4e-89de-a352-97d2-f65f0722338f, 0 %, 4 MiB
2026/10/01 01:12:57.769, GPU-57be2e4e-89de-a352-97d2-f65f0722338f, 0 %, 4 MiB
2026/10/01 01:12:57.869, GPU-57be2e4e-89de-a352-97d2-f65f0722338f, 0 %, 4 MiB
2026/10/01 01:12:57.969, GPU-57be2e4e-89de-a352-97d2-f65f0722338f, 0 %, 4 MiB
2026/10/01 01:12:58.069, GPU-57be2e4e-89de-a352-97d2-f65f0722338f, 0 %, 4 MiB
2026/10/01 01:12:58.170, GPU-57be2e4e-89de-a352-97d2-f65f0722338f, 0 %, 4 MiB
2026/10/01 01:12:58.270, GPU-57be2e4e-89de-a352-97d2-f65f0722338f, 0 %, 4 MiB
2026/10/01 01:12:58.370, GPU-57be2e4e-89de-a352-97d2-f65f0722338f, 0 %, 4 MiB
2026/10/01 01:12:58.470, GPU-57be2e4e-89de-a352-97d2-f65f0722338f, 0 %, 4 MiB
2026/10/01 01:12:58.571, GPU-57be2e4e-89de-a352-97d2-f65f0722338f, 0 %, 4 MiB
2026/10/01 01:12:58.671, GPU-57be2e4e-89de-a352-97d2-f65f0722338f, 0 %, 4 MiB
2026/10/01 01:12:58.771, GPU-57be2e4e-89de-a352-97d2-f65f0722338f, 0 %, 4 MiB
2026/10/01 01:12:58.871, GPU-57be2e4e-89de-a352-97d2-f65f0722338f, 0 %, 4 MiB
2026/10/01 01:12:58.971, GPU-57be2e4e-89de-a352-97d2-f65f0722338f, 0 %, 4 MiB
2026/10/01 01:12:59.072, GPU-57be2e4e-89de-a352-97d2-f65f0722338f, 0 %, 4 MiB
2026/10/01 01:12:59.172, GPU-57be2e4e-89de-a352-97d2-f65f0722338f, 0 %, 4 MiB
2026/10/01 01:12:59.272, GPU-57be2e4e-89de-a352-97d2-f65f0722338f, 0 %, 4 MiB
2026/10/01 01:12:59.422, GPU-57be2e4e-89de-a352-97d2-f65f0722338f, 0 %, 4 MiB
2026/10/01 01:12:59.580, GPU-57be2e4e-89de-a352-97d2-f65f0722338f, 0 %, 1 MiB
2026/10/01 01:12:59.709, GPU-57be2e4e-89de-a352-97d2-f65f0722338f, 0 %, 1 MiB
2026/10/01 01:12:59.810, GPU-57be2e4e-89de-a352-97d2-f65f0722338f, 0 %, 1 MiB
