Time (%),Total Time (ns),Num Calls,Avg (ns),Med (ns),Min (ns),Max (ns),StdDev (ns),Name
45.2,338820023,14,24201430.2,25014901.5,13824098,25734266,3008856.2,cudaStreamSynchronize
38.9,291876087,39,7484002.2,7664099.0,73473,8513649,1259371.9,cudaMemcpy
7.9,58944336,2527,23325.8,21232.0,11734,203378,12784.0,cuLaunchKernel
2.4,17777932,722,24623.2,22349.0,13130,424076,18514.9,cudaLaunchKernel
2.2,16410745,361,45459.1,40228.0,13130,328534,25399.0,cudaMemcpyAsync
0.6,4410333,361,12217.0,10057.0,9777,99175,11875.1,cuStreamIsCapturing
0.4,3052899,15,203526.6,169854.0,92749,592533,126536.3,cuModuleLoadData
0.4,3045078,251,12131.8,10895.0,10336,108952,9407.3,cudaGraphNodeGetType_v10000
0.4,2876066,225,12782.5,11175.0,10616,113422,10673.6,cudaGraphKernelNodeGetParams_v10000
0.3,2534677,10,253467.7,31707.5,30451,2240227,698083.3,cuMemcpyHtoD_v2
0.3,2134628,5,426925.6,239137.0,194996,1171377,418007.0,cudaFree
0.3,1949968,2,974984.0,974984.0,251708,1698260,1022866.7,cudaGraphInstantiate_v12000
0.2,1554946,5,310989.2,224610.0,203657,635276,183989.6,cudaMalloc
0.2,1554109,15,103607.3,101409.0,13968,174882,36925.6,cudaMemsetAsync
0.1,880557,15,58703.8,29333.0,22349,355073,85113.4,cuModuleUnload
0.1,542248,2,271124.0,271124.0,204495,337753,94227.6,cuMemFree_v2
0.1,524088,2,262044.0,262044.0,216508,307580,64397.6,cuMemAlloc_v2
0.1,464025,2,232012.5,232012.5,95543,368482,192997.0,cudaGraphExecDestroy_v10000
0.0,153093,2,76546.5,76546.5,25702,127391,71905.0,cudaStreamBeginCapture_v10000
0.0,108395,2,54197.5,54197.5,18439,89956,50570.2,cudaGraphDestroy_v10000
0.0,98896,1,98896.0,98896.0,98896,98896,0.0,cudaStreamCreateWithFlags
0.0,94984,1,94984.0,94984.0,94984,94984,0.0,cudaDeviceSynchronize
0.0,78781,1,78781.0,78781.0,78781,78781,0.0,cuMemGetInfo_v2
0.0,77106,6,12851.0,11873.0,10896,18717,2902.9,cudaGraphGetEdges_v10000
0.0,69281,6,11546.8,11733.0,10895,12013,520.2,cudaGraphGetNodes_v10000
0.0,29055,2,14527.5,14527.5,13410,15645,1580.4,cudaStreamEndCapture_v10000
0.0,20114,1,20114.0,20114.0,20114,20114,0.0,cudaStreamDestroy
0.0,15086,1,15086.0,15086.0,15086,15086,0.0,cuInit
0.0,11733,1,11733.0,11733.0,11733,11733,0.0,cuModuleGetLoadingMode
0.0,10895,1,10895.0,10895.0,10895,10895,0.0,cuCtxSetCurrent
