Time (%),Total Time (ns),Instances,Avg (ns),Med (ns),Min (ns),Max (ns),StdDev (ns),Name
28.0,128498587,336,382436.3,382022.0,381734,388806,1422.8,"<unnamed>::applyDoseWeightKernel(float2 *, int, int, int, float, float, float, const float *, int, int)"
17.1,78359661,336,233213.3,233011.5,232675,236675,768.0,"void prime_fft_factor<(unsigned int)101, EPT<(unsigned int)2>, (unsigned int)8, (unsigned int)4, (unsigned int)1, (padding_t)14, (twiddle_t)0, (loadstore_modifier_t)2, (layout_t)1, unsigned int, float>(kernel_arguments_t<T10>)"
11.9,54430135,336,161994.4,169730.5,125538,183683,16195.2,"<unnamed>::interpolateAndAccumulatePolynomialKernel(float *, float *, const float *, int, int, float, float, float, float, float, float, float, float, float, float, float, float)"
11.1,51021714,336,151850.3,151714.0,150979,154882,579.6,"void prime_fft_factor<(unsigned int)19, EPT<(unsigned int)2>, (unsigned int)8, (unsigned int)21, (unsigned int)1, (padding_t)14, (twiddle_t)0, (loadstore_modifier_t)2, (layout_t)1, unsigned int, float>(kernel_arguments_t<T10>)"
11.1,50881845,336,151434.1,151234.0,150882,154371,643.4,"void prime_fft_factor<(unsigned int)53, EPT<(unsigned int)2>, (unsigned int)8, (unsigned int)9, (unsigned int)1, (padding_t)14, (twiddle_t)0, (loadstore_modifier_t)2, (layout_t)1, unsigned int, float>(kernel_arguments_t<T10>)"
5.5,25136419,336,74810.8,74929.5,72353,78081,1195.5,"void regular_fft_factor<(unsigned int)7, EPT<(unsigned int)7>, (unsigned int)64, (unsigned int)32, (padding_t)6, (twiddle_t)0, (loadstore_modifier_t)2, (layout_t)1, unsigned int, float, HostConfigPlaceholder>(kernel_arguments_t<T9>)"
5.3,24248235,336,72167.4,72097.0,70913,75073,537.1,"void regular_fft_factor<(unsigned int)5, EPT<(unsigned int)5>, (unsigned int)256, (unsigned int)8, (padding_t)6, (twiddle_t)0, (loadstore_modifier_t)2, (layout_t)1, unsigned int, float, HostConfigPlaceholder>(kernel_arguments_t<T9>)"
5.2,23774440,336,70757.3,70753.0,70241,71393,186.6,"void regular_fft_factor<(unsigned int)2, EPT<(unsigned int)2>, (unsigned int)256, (unsigned int)8, (padding_t)6, (twiddle_t)0, (loadstore_modifier_t)2, (layout_t)1, unsigned int, float, HostConfigPlaceholder>(kernel_arguments_t<T9>)"
4.8,21874086,336,65101.4,64993.0,63873,66817,557.6,"void preprocess_kernel<float, unsigned int, (loadstore_modifier_t)2>(real_complex_args_t<T2>)"
