movie,scan_ms,read_ms,total_ms,bytes,frames,strips
/home/alex/mc-profile-20261001/data/Movies/20170629_00021_frameImage.tiff,1.6,19.1,22.1,125808249,24,3838
/home/alex/mc-profile-20261001/data/Movies/20170629_00022_frameImage.tiff,1.3,16.9,19.9,128825925,24,3838
/home/alex/mc-profile-20261001/data/Movies/20170629_00023_frameImage.tiff,1.3,17.0,19.9,130504043,24,3838
/home/alex/mc-profile-20261001/data/Movies/20170629_00024_frameImage.tiff,1.3,16.9,19.8,130993750,24,3838
/home/alex/mc-profile-20261001/data/Movies/20170629_00025_frameImage.tiff,1.4,17.0,19.9,129392624,24,3838
/home/alex/mc-profile-20261001/data/Movies/20170629_00026_frameImage.tiff,1.3,17.3,20.7,132012729,24,3838
/home/alex/mc-profile-20261001/data/Movies/20170629_00027_frameImage.tiff,1.3,17.4,20.7,133012870,24,3838
/home/alex/mc-profile-20261001/data/Movies/20170629_00028_frameImage.tiff,1.3,17.3,20.6,133218643,24,3838
/home/alex/mc-profile-20261001/data/Movies/20170629_00029_frameImage.tiff,1.3,16.9,20.1,131219769,24,3838
/home/alex/mc-profile-20261001/data/Movies/20170629_00030_frameImage.tiff,1.3,17.1,20.4,130517889,24,3838
/home/alex/mc-profile-20261001/data/Movies/20170629_00031_frameImage.tiff,1.4,16.7,19.8,131415278,24,3838
/home/alex/mc-profile-20261001/data/Movies/20170629_00035_frameImage.tiff,1.3,16.7,20.0,133858694,24,3838
/home/alex/mc-profile-20261001/data/Movies/20170629_00036_frameImage.tiff,1.3,16.9,20.2,133900671,24,3838
/home/alex/mc-profile-20261001/data/Movies/20170629_00037_frameImage.tiff,1.4,17.3,20.7,133984227,24,3838
/home/alex/mc-profile-20261001/data/Movies/20170629_00039_frameImage.tiff,1.3,17.1,20.6,133448810,24,3838
/home/alex/mc-profile-20261001/data/Movies/20170629_00040_frameImage.tiff,1.3,17.8,20.9,133275306,24,3838
/home/alex/mc-profile-20261001/data/Movies/20170629_00042_frameImage.tiff,1.3,17.0,20.0,131539778,24,3838
/home/alex/mc-profile-20261001/data/Movies/20170629_00043_frameImage.tiff,1.3,17.5,20.4,131221737,24,3838
/home/alex/mc-profile-20261001/data/Movies/20170629_00044_frameImage.tiff,1.3,16.9,20.1,133935821,24,3838
/home/alex/mc-profile-20261001/data/Movies/20170629_00045_frameImage.tiff,1.3,17.7,20.9,133925000,24,3838
/home/alex/mc-profile-20261001/data/Movies/20170629_00046_frameImage.tiff,1.3,17.6,21.0,133652529,24,3838
/home/alex/mc-profile-20261001/data/Movies/20170629_00047_frameImage.tiff,1.3,17.6,20.9,133729419,24,3838
/home/alex/mc-profile-20261001/data/Movies/20170629_00048_frameImage.tiff,1.3,18.0,21.0,133671016,24,3838
/home/alex/mc-profile-20261001/data/Movies/20170629_00049_frameImage.tiff,1.3,17.1,20.0,133361891,24,3838
/home/alex/mc-profile-20261001/data/Movies/20170629_00021_frameImage.tiff,1.3,17.0,20.2,125808249,24,3838
/home/alex/mc-profile-20261001/data/Movies/20170629_00022_frameImage.tiff,1.3,16.8,19.9,128825925,24,3838
/home/alex/mc-profile-20261001/data/Movies/20170629_00023_frameImage.tiff,1.4,17.9,21.1,130504043,24,3838
/home/alex/mc-profile-20261001/data/Movies/20170629_00024_frameImage.tiff,1.3,17.2,20.6,130993750,24,3838
/home/alex/mc-profile-20261001/data/Movies/20170629_00025_frameImage.tiff,1.3,17.1,20.3,129392624,24,3838
/home/alex/mc-profile-20261001/data/Movies/20170629_00026_frameImage.tiff,1.3,17.4,20.3,132012729,24,3838
/home/alex/mc-profile-20261001/data/Movies/20170629_00027_frameImage.tiff,1.3,17.8,21.4,133012870,24,3838
/home/alex/mc-profile-20261001/data/Movies/20170629_00028_frameImage.tiff,1.3,17.8,21.0,133218643,24,3838
/home/alex/mc-profile-20261001/data/Movies/20170629_00029_frameImage.tiff,1.3,17.0,20.0,131219769,24,3838
/home/alex/mc-profile-20261001/data/Movies/20170629_00030_frameImage.tiff,1.3,16.9,19.7,130517889,24,3838
/home/alex/mc-profile-20261001/data/Movies/20170629_00031_frameImage.tiff,1.3,17.3,20.8,131415278,24,3838
/home/alex/mc-profile-20261001/data/Movies/20170629_00035_frameImage.tiff,1.3,17.1,20.1,133858694,24,3838
/home/alex/mc-profile-20261001/data/Movies/20170629_00036_frameImage.tiff,1.3,17.8,20.7,133900671,24,3838
/home/alex/mc-profile-20261001/data/Movies/20170629_00037_frameImage.tiff,1.3,17.0,20.4,133984227,24,3838
/home/alex/mc-profile-20261001/data/Movies/20170629_00039_frameImage.tiff,1.3,17.7,20.7,133448810,24,3838
/home/alex/mc-profile-20261001/data/Movies/20170629_00040_frameImage.tiff,1.5,17.4,20.7,133275306,24,3838
/home/alex/mc-profile-20261001/data/Movies/20170629_00042_frameImage.tiff,1.3,17.8,21.1,131539778,24,3838
/home/alex/mc-profile-20261001/data/Movies/20170629_00043_frameImage.tiff,1.3,17.7,20.9,131221737,24,3838
/home/alex/mc-profile-20261001/data/Movies/20170629_00044_frameImage.tiff,1.3,17.9,21.0,133935821,24,3838
/home/alex/mc-profile-20261001/data/Movies/20170629_00045_frameImage.tiff,1.3,18.4,21.7,133925000,24,3838
/home/alex/mc-profile-20261001/data/Movies/20170629_00046_frameImage.tiff,1.4,17.6,20.5,133652529,24,3838
/home/alex/mc-profile-20261001/data/Movies/20170629_00047_frameImage.tiff,1.3,17.7,21.1,133729419,24,3838
/home/alex/mc-profile-20261001/data/Movies/20170629_00048_frameImage.tiff,1.4,17.4,20.6,133671016,24,3838
/home/alex/mc-profile-20261001/data/Movies/20170629_00049_frameImage.tiff,1.3,17.9,21.3,133361891,24,3838
/home/alex/mc-profile-20261001/data/Movies/20170629_00021_frameImage.tiff,1.3,16.9,20.3,125808249,24,3838
/home/alex/mc-profile-20261001/data/Movies/20170629_00022_frameImage.tiff,1.3,16.9,20.0,128825925,24,3838
/home/alex/mc-profile-20261001/data/Movies/20170629_00023_frameImage.tiff,1.4,17.1,20.2,130504043,24,3838
/home/alex/mc-profile-20261001/data/Movies/20170629_00024_frameImage.tiff,1.3,17.1,20.4,130993750,24,3838
/home/alex/mc-profile-20261001/data/Movies/20170629_00025_frameImage.tiff,1.5,18.2,21.7,129392624,24,3838
/home/alex/mc-profile-20261001/data/Movies/20170629_00026_frameImage.tiff,1.4,18.0,21.3,132012729,24,3838
/home/alex/mc-profile-20261001/data/Movies/20170629_00027_frameImage.tiff,1.3,17.4,20.8,133012870,24,3838
/home/alex/mc-profile-20261001/data/Movies/20170629_00028_frameImage.tiff,1.3,16.7,19.8,133218643,24,3838
/home/alex/mc-profile-20261001/data/Movies/20170629_00029_frameImage.tiff,1.4,17.4,20.5,131219769,24,3838
/home/alex/mc-profile-20261001/data/Movies/20170629_00030_frameImage.tiff,1.3,16.3,19.7,130517889,24,3838
/home/alex/mc-profile-20261001/data/Movies/20170629_00031_frameImage.tiff,1.3,16.8,20.1,131415278,24,3838
/home/alex/mc-profile-20261001/data/Movies/20170629_00035_frameImage.tiff,1.4,17.9,21.2,133858694,24,3838
/home/alex/mc-profile-20261001/data/Movies/20170629_00036_frameImage.tiff,1.3,17.7,21.2,133900671,24,3838
/home/alex/mc-profile-20261001/data/Movies/20170629_00037_frameImage.tiff,1.3,17.1,20.2,133984227,24,3838
/home/alex/mc-profile-20261001/data/Movies/20170629_00039_frameImage.tiff,1.4,18.0,21.2,133448810,24,3838
/home/alex/mc-profile-20261001/data/Movies/20170629_00040_frameImage.tiff,1.4,17.8,21.3,133275306,24,3838
/home/alex/mc-profile-20261001/data/Movies/20170629_00042_frameImage.tiff,1.3,17.9,21.0,131539778,24,3838
/home/alex/mc-profile-20261001/data/Movies/20170629_00043_frameImage.tiff,1.4,17.2,20.5,131221737,24,3838
/home/alex/mc-profile-20261001/data/Movies/20170629_00044_frameImage.tiff,1.3,17.5,21.2,133935821,24,3838
/home/alex/mc-profile-20261001/data/Movies/20170629_00045_frameImage.tiff,1.3,17.6,21.0,133925000,24,3838
/home/alex/mc-profile-20261001/data/Movies/20170629_00046_frameImage.tiff,1.3,17.7,20.9,133652529,24,3838
/home/alex/mc-profile-20261001/data/Movies/20170629_00047_frameImage.tiff,1.3,17.6,20.8,133729419,24,3838
/home/alex/mc-profile-20261001/data/Movies/20170629_00048_frameImage.tiff,1.3,17.6,20.9,133671016,24,3838
/home/alex/mc-profile-20261001/data/Movies/20170629_00049_frameImage.tiff,1.4,17.7,21.0,133361891,24,3838
