2026/09/27 15:13:27.829, 0 MiB, 0 %
2026/09/27 15:13:27.842, 0 MiB, 0 %
2026/09/27 15:13:27.851, 0 MiB, 0 %
2026/09/27 15:13:27.858, 0 MiB, 0 %
2026/09/27 15:13:28.869, 4 MiB, 0 %
2026/09/27 15:13:28.869, 4 MiB, 0 %
2026/09/27 15:13:28.869, 4 MiB, 0 %
2026/09/27 15:13:28.869, 4 MiB, 0 %
2026/09/27 15:13:29.869, 439 MiB, 66 %
2026/09/27 15:13:29.869, 4 MiB, 0 %
2026/09/27 15:13:29.869, 4 MiB, 0 %
2026/09/27 15:13:29.869, 4 MiB, 0 %
2026/09/27 15:13:30.870, 439 MiB, 71 %
2026/09/27 15:13:30.870, 4 MiB, 0 %
2026/09/27 15:13:30.870, 4 MiB, 0 %
2026/09/27 15:13:30.870, 4 MiB, 0 %
2026/09/27 15:13:31.870, 439 MiB, 57 %
2026/09/27 15:13:31.870, 4 MiB, 0 %
2026/09/27 15:13:31.870, 4 MiB, 0 %
2026/09/27 15:13:31.870, 4 MiB, 0 %
2026/09/27 15:13:32.871, 439 MiB, 53 %
2026/09/27 15:13:32.871, 4 MiB, 0 %
2026/09/27 15:13:32.871, 4 MiB, 0 %
2026/09/27 15:13:32.871, 4 MiB, 0 %
2026/09/27 15:13:33.871, 439 MiB, 45 %
2026/09/27 15:13:33.871, 4 MiB, 0 %
2026/09/27 15:13:33.871, 4 MiB, 0 %
2026/09/27 15:13:33.871, 4 MiB, 0 %
2026/09/27 15:13:34.871, 439 MiB, 37 %
2026/09/27 15:13:34.872, 4 MiB, 0 %
2026/09/27 15:13:34.872, 4 MiB, 0 %
2026/09/27 15:13:34.872, 4 MiB, 0 %
2026/09/27 15:13:35.872, 439 MiB, 30 %
2026/09/27 15:13:35.872, 4 MiB, 0 %
2026/09/27 15:13:35.872, 4 MiB, 0 %
2026/09/27 15:13:35.872, 4 MiB, 0 %
2026/09/27 15:13:36.872, 439 MiB, 36 %
2026/09/27 15:13:36.872, 4 MiB, 0 %
2026/09/27 15:13:36.873, 4 MiB, 0 %
2026/09/27 15:13:36.873, 4 MiB, 0 %
2026/09/27 15:13:37.873, 439 MiB, 42 %
2026/09/27 15:13:37.873, 4 MiB, 0 %
2026/09/27 15:13:37.873, 4 MiB, 0 %
2026/09/27 15:13:37.873, 4 MiB, 0 %
2026/09/27 15:13:38.873, 3219 MiB, 19 %
2026/09/27 15:13:38.873, 4 MiB, 0 %
2026/09/27 15:13:38.873, 4 MiB, 0 %
2026/09/27 15:13:38.874, 4 MiB, 0 %
2026/09/27 15:13:39.874, 3275 MiB, 5 %
2026/09/27 15:13:39.874, 4 MiB, 0 %
2026/09/27 15:13:39.874, 4 MiB, 0 %
2026/09/27 15:13:39.874, 4 MiB, 0 %
2026/09/27 15:13:40.874, 3335 MiB, 41 %
2026/09/27 15:13:40.874, 4 MiB, 0 %
2026/09/27 15:13:40.874, 4 MiB, 0 %
2026/09/27 15:13:40.874, 4 MiB, 0 %
2026/09/27 15:13:41.875, 439 MiB, 49 %
2026/09/27 15:13:41.875, 4 MiB, 0 %
2026/09/27 15:13:41.875, 4 MiB, 0 %
2026/09/27 15:13:41.875, 4 MiB, 0 %
2026/09/27 15:13:42.875, 439 MiB, 42 %
2026/09/27 15:13:42.875, 4 MiB, 0 %
2026/09/27 15:13:42.875, 4 MiB, 0 %
2026/09/27 15:13:42.875, 4 MiB, 0 %
2026/09/27 15:13:43.875, 439 MiB, 38 %
2026/09/27 15:13:43.876, 4 MiB, 0 %
2026/09/27 15:13:43.876, 4 MiB, 0 %
2026/09/27 15:13:43.876, 4 MiB, 0 %
2026/09/27 15:13:44.876, 3219 MiB, 0 %
2026/09/27 15:13:44.876, 4 MiB, 0 %
2026/09/27 15:13:44.876, 4 MiB, 0 %
2026/09/27 15:13:44.876, 4 MiB, 0 %
2026/09/27 15:13:45.876, 3163 MiB, 34 %
2026/09/27 15:13:45.876, 4 MiB, 0 %
2026/09/27 15:13:45.877, 4 MiB, 0 %
2026/09/27 15:13:45.877, 4 MiB, 0 %
2026/09/27 15:13:46.877, 3273 MiB, 47 %
2026/09/27 15:13:46.877, 4 MiB, 0 %
2026/09/27 15:13:46.877, 4 MiB, 0 %
2026/09/27 15:13:46.877, 4 MiB, 0 %
2026/09/27 15:13:47.877, 439 MiB, 40 %
2026/09/27 15:13:47.877, 4 MiB, 0 %
2026/09/27 15:13:47.877, 4 MiB, 0 %
2026/09/27 15:13:47.877, 4 MiB, 0 %
2026/09/27 15:13:48.878, 439 MiB, 67 %
2026/09/27 15:13:48.878, 4 MiB, 0 %
2026/09/27 15:13:48.878, 4 MiB, 0 %
2026/09/27 15:13:48.878, 4 MiB, 0 %
2026/09/27 15:13:49.878, 3219 MiB, 58 %
2026/09/27 15:13:49.878, 4 MiB, 0 %
2026/09/27 15:13:49.878, 4 MiB, 0 %
2026/09/27 15:13:49.878, 4 MiB, 0 %
2026/09/27 15:13:50.879, 439 MiB, 23 %
2026/09/27 15:13:50.879, 4 MiB, 0 %
2026/09/27 15:13:50.879, 4 MiB, 0 %
2026/09/27 15:13:50.879, 4 MiB, 0 %
2026/09/27 15:13:51.879, 427 MiB, 0 %
2026/09/27 15:13:51.927, 4 MiB, 0 %
2026/09/27 15:13:51.927, 4 MiB, 0 %
2026/09/27 15:13:51.927, 4 MiB, 0 %
