order	tag	wall_s	max_rss_kb	star_digest
1	cand-on	0:25.61	1669404	cde2b6407a6fc7de
2	cand-off	0:26.99	1667772	cde2b6407a6fc7de
3	cand-off	0:27.40	1667584	cde2b6407a6fc7de
4	cand-on	0:27.27	1670676	cde2b6407a6fc7de
5	cand-on	0:26.02	1668960	cde2b6407a6fc7de
6	cand-off	0:25.67	1668640	cde2b6407a6fc7de
7	cand-off	0:26.98	1668200	cde2b6407a6fc7de
8	cand-on	0:26.03	1672836	cde2b6407a6fc7de
9	cand-on	0:25.60	1671616	cde2b6407a6fc7de
10	cand-off	0:25.84	1667036	cde2b6407a6fc7de
11	cand-off	0:26.10	1669996	cde2b6407a6fc7de
12	cand-on	0:26.47	1670428	cde2b6407a6fc7de
13	base	0:25.85	1673080	cde2b6407a6fc7de
14	base	0:26.91	1669812	cde2b6407a6fc7de
