0,0,0,0,Y
1,0,0,1,Y
2,0,0,2,Y
3,0,0,3,Y
4,1,0,4,Y
5,1,0,5,Y
6,1,0,6,Y
7,1,0,7,Y
8,2,0,8,Y
9,2,0,9,Y
10,2,0,10,Y
11,2,0,11,Y
12,3,0,12,Y
13,3,0,13,Y
14,3,0,14,Y
15,3,0,15,Y
16,4,1,16,Y
17,4,1,17,Y
18,4,1,18,Y
19,4,1,19,Y
20,5,1,20,Y
21,5,1,21,Y
22,5,1,22,Y
23,5,1,23,Y
24,6,1,24,Y
25,6,1,25,Y
26,6,1,26,Y
27,6,1,27,Y
28,7,1,28,Y
29,7,1,29,Y
30,7,1,30,Y
31,7,1,31,Y
32,0,0,0,Y
33,0,0,1,Y
34,0,0,2,Y
35,0,0,3,Y
36,1,0,4,Y
37,1,0,5,Y
38,1,0,6,Y
39,1,0,7,Y
40,2,0,8,Y
41,2,0,9,Y
42,2,0,10,Y
43,2,0,11,Y
44,3,0,12,Y
45,3,0,13,Y
46,3,0,14,Y
47,3,0,15,Y
48,4,1,16,Y
49,4,1,17,Y
50,4,1,18,Y
51,4,1,19,Y
52,5,1,20,Y
53,5,1,21,Y
54,5,1,22,Y
55,5,1,23,Y
56,6,1,24,Y
57,6,1,25,Y
58,6,1,26,Y
59,6,1,27,Y
60,7,1,28,Y
61,7,1,29,Y
62,7,1,30,Y
63,7,1,31,Y
