timestamp, uuid, utilization.gpu [%], utilization.memory [%], memory.used [MiB]
2026/10/01 00:20:20.736, GPU-4620d639-b5b8-8bac-1b3a-ce19e8d6f9c0, 0 %, 0 %, 0 MiB
2026/10/01 00:20:20.842, GPU-4620d639-b5b8-8bac-1b3a-ce19e8d6f9c0, 0 %, 0 %, 0 MiB
2026/10/01 00:20:20.942, GPU-4620d639-b5b8-8bac-1b3a-ce19e8d6f9c0, 0 %, 0 %, 0 MiB
2026/10/01 00:20:21.043, GPU-4620d639-b5b8-8bac-1b3a-ce19e8d6f9c0, 0 %, 0 %, 0 MiB
2026/10/01 00:20:21.149, GPU-4620d639-b5b8-8bac-1b3a-ce19e8d6f9c0, 0 %, 0 %, 4 MiB
2026/10/01 00:20:21.249, GPU-4620d639-b5b8-8bac-1b3a-ce19e8d6f9c0, 0 %, 0 %, 4 MiB
2026/10/01 00:20:21.349, GPU-4620d639-b5b8-8bac-1b3a-ce19e8d6f9c0, 0 %, 0 %, 4 MiB
2026/10/01 00:20:21.450, GPU-4620d639-b5b8-8bac-1b3a-ce19e8d6f9c0, 0 %, 0 %, 4 MiB
2026/10/01 00:20:21.550, GPU-4620d639-b5b8-8bac-1b3a-ce19e8d6f9c0, 0 %, 0 %, 4 MiB
2026/10/01 00:20:21.650, GPU-4620d639-b5b8-8bac-1b3a-ce19e8d6f9c0, 0 %, 0 %, 4 MiB
2026/10/01 00:20:21.750, GPU-4620d639-b5b8-8bac-1b3a-ce19e8d6f9c0, 0 %, 0 %, 4 MiB
2026/10/01 00:20:21.851, GPU-4620d639-b5b8-8bac-1b3a-ce19e8d6f9c0, 0 %, 0 %, 4 MiB
2026/10/01 00:20:21.951, GPU-4620d639-b5b8-8bac-1b3a-ce19e8d6f9c0, 0 %, 0 %, 4 MiB
2026/10/01 00:20:22.053, GPU-4620d639-b5b8-8bac-1b3a-ce19e8d6f9c0, 0 %, 0 %, 4 MiB
2026/10/01 00:20:22.153, GPU-4620d639-b5b8-8bac-1b3a-ce19e8d6f9c0, 0 %, 0 %, 21 MiB
2026/10/01 00:20:22.254, GPU-4620d639-b5b8-8bac-1b3a-ce19e8d6f9c0, 0 %, 0 %, 89 MiB
2026/10/01 00:20:22.354, GPU-4620d639-b5b8-8bac-1b3a-ce19e8d6f9c0, 1 %, 0 %, 3243 MiB
2026/10/01 00:20:22.454, GPU-4620d639-b5b8-8bac-1b3a-ce19e8d6f9c0, 1 %, 0 %, 3299 MiB
2026/10/01 00:20:22.554, GPU-4620d639-b5b8-8bac-1b3a-ce19e8d6f9c0, 4 %, 0 %, 3299 MiB
2026/10/01 00:20:22.655, GPU-4620d639-b5b8-8bac-1b3a-ce19e8d6f9c0, 4 %, 0 %, 3241 MiB
2026/10/01 00:20:22.755, GPU-4620d639-b5b8-8bac-1b3a-ce19e8d6f9c0, 46 %, 17 %, 3525 MiB
2026/10/01 00:20:22.855, GPU-4620d639-b5b8-8bac-1b3a-ce19e8d6f9c0, 46 %, 17 %, 3303 MiB
2026/10/01 00:20:22.956, GPU-4620d639-b5b8-8bac-1b3a-ce19e8d6f9c0, 71 %, 26 %, 3303 MiB
2026/10/01 00:20:23.056, GPU-4620d639-b5b8-8bac-1b3a-ce19e8d6f9c0, 71 %, 26 %, 3191 MiB
2026/10/01 00:20:23.156, GPU-4620d639-b5b8-8bac-1b3a-ce19e8d6f9c0, 44 %, 5 %, 3363 MiB
2026/10/01 00:20:23.256, GPU-4620d639-b5b8-8bac-1b3a-ce19e8d6f9c0, 44 %, 5 %, 469 MiB
2026/10/01 00:20:23.357, GPU-4620d639-b5b8-8bac-1b3a-ce19e8d6f9c0, 67 %, 39 %, 3303 MiB
2026/10/01 00:20:23.457, GPU-4620d639-b5b8-8bac-1b3a-ce19e8d6f9c0, 67 %, 39 %, 3303 MiB
2026/10/01 00:20:23.557, GPU-4620d639-b5b8-8bac-1b3a-ce19e8d6f9c0, 58 %, 3 %, 3363 MiB
2026/10/01 00:20:23.657, GPU-4620d639-b5b8-8bac-1b3a-ce19e8d6f9c0, 58 %, 3 %, 3525 MiB
2026/10/01 00:20:23.757, GPU-4620d639-b5b8-8bac-1b3a-ce19e8d6f9c0, 58 %, 35 %, 3303 MiB
2026/10/01 00:20:23.858, GPU-4620d639-b5b8-8bac-1b3a-ce19e8d6f9c0, 58 %, 35 %, 3303 MiB
2026/10/01 00:20:23.958, GPU-4620d639-b5b8-8bac-1b3a-ce19e8d6f9c0, 72 %, 10 %, 3191 MiB
2026/10/01 00:20:24.058, GPU-4620d639-b5b8-8bac-1b3a-ce19e8d6f9c0, 72 %, 10 %, 3355 MiB
2026/10/01 00:20:24.158, GPU-4620d639-b5b8-8bac-1b3a-ce19e8d6f9c0, 49 %, 30 %, 3303 MiB
2026/10/01 00:20:24.259, GPU-4620d639-b5b8-8bac-1b3a-ce19e8d6f9c0, 49 %, 30 %, 3303 MiB
2026/10/01 00:20:24.359, GPU-4620d639-b5b8-8bac-1b3a-ce19e8d6f9c0, 80 %, 15 %, 3191 MiB
2026/10/01 00:20:24.459, GPU-4620d639-b5b8-8bac-1b3a-ce19e8d6f9c0, 80 %, 15 %, 3359 MiB
2026/10/01 00:20:24.559, GPU-4620d639-b5b8-8bac-1b3a-ce19e8d6f9c0, 37 %, 25 %, 3525 MiB
2026/10/01 00:20:24.660, GPU-4620d639-b5b8-8bac-1b3a-ce19e8d6f9c0, 37 %, 25 %, 3303 MiB
2026/10/01 00:20:24.760, GPU-4620d639-b5b8-8bac-1b3a-ce19e8d6f9c0, 77 %, 19 %, 3303 MiB
2026/10/01 00:20:24.860, GPU-4620d639-b5b8-8bac-1b3a-ce19e8d6f9c0, 77 %, 19 %, 3191 MiB
2026/10/01 00:20:24.961, GPU-4620d639-b5b8-8bac-1b3a-ce19e8d6f9c0, 77 %, 19 %, 3301 MiB
2026/10/01 00:20:25.061, GPU-4620d639-b5b8-8bac-1b3a-ce19e8d6f9c0, 77 %, 19 %, 3303 MiB
2026/10/01 00:20:25.161, GPU-4620d639-b5b8-8bac-1b3a-ce19e8d6f9c0, 44 %, 21 %, 3305 MiB
2026/10/01 00:20:25.263, GPU-4620d639-b5b8-8bac-1b3a-ce19e8d6f9c0, 70 %, 24 %, 3373 MiB
2026/10/01 00:20:25.363, GPU-4620d639-b5b8-8bac-1b3a-ce19e8d6f9c0, 70 %, 24 %, 3367 MiB
2026/10/01 00:20:25.463, GPU-4620d639-b5b8-8bac-1b3a-ce19e8d6f9c0, 45 %, 11 %, 469 MiB
2026/10/01 00:20:25.563, GPU-4620d639-b5b8-8bac-1b3a-ce19e8d6f9c0, 45 %, 11 %, 3303 MiB
2026/10/01 00:20:25.663, GPU-4620d639-b5b8-8bac-1b3a-ce19e8d6f9c0, 69 %, 34 %, 3303 MiB
2026/10/01 00:20:25.764, GPU-4620d639-b5b8-8bac-1b3a-ce19e8d6f9c0, 69 %, 34 %, 3355 MiB
2026/10/01 00:20:25.864, GPU-4620d639-b5b8-8bac-1b3a-ce19e8d6f9c0, 49 %, 3 %, 3525 MiB
2026/10/01 00:20:25.964, GPU-4620d639-b5b8-8bac-1b3a-ce19e8d6f9c0, 49 %, 3 %, 3303 MiB
2026/10/01 00:20:26.064, GPU-4620d639-b5b8-8bac-1b3a-ce19e8d6f9c0, 60 %, 36 %, 3303 MiB
2026/10/01 00:20:26.165, GPU-4620d639-b5b8-8bac-1b3a-ce19e8d6f9c0, 60 %, 36 %, 3191 MiB
2026/10/01 00:20:26.265, GPU-4620d639-b5b8-8bac-1b3a-ce19e8d6f9c0, 70 %, 9 %, 3367 MiB
2026/10/01 00:20:26.365, GPU-4620d639-b5b8-8bac-1b3a-ce19e8d6f9c0, 70 %, 9 %, 3247 MiB
2026/10/01 00:20:26.465, GPU-4620d639-b5b8-8bac-1b3a-ce19e8d6f9c0, 50 %, 30 %, 3303 MiB
2026/10/01 00:20:26.566, GPU-4620d639-b5b8-8bac-1b3a-ce19e8d6f9c0, 50 %, 30 %, 3303 MiB
2026/10/01 00:20:26.666, GPU-4620d639-b5b8-8bac-1b3a-ce19e8d6f9c0, 74 %, 14 %, 3367 MiB
2026/10/01 00:20:26.766, GPU-4620d639-b5b8-8bac-1b3a-ce19e8d6f9c0, 74 %, 14 %, 3525 MiB
2026/10/01 00:20:26.867, GPU-4620d639-b5b8-8bac-1b3a-ce19e8d6f9c0, 44 %, 26 %, 3303 MiB
2026/10/01 00:20:26.967, GPU-4620d639-b5b8-8bac-1b3a-ce19e8d6f9c0, 44 %, 26 %, 3303 MiB
2026/10/01 00:20:27.067, GPU-4620d639-b5b8-8bac-1b3a-ce19e8d6f9c0, 76 %, 19 %, 3191 MiB
2026/10/01 00:20:27.167, GPU-4620d639-b5b8-8bac-1b3a-ce19e8d6f9c0, 76 %, 19 %, 3469 MiB
2026/10/01 00:20:27.268, GPU-4620d639-b5b8-8bac-1b3a-ce19e8d6f9c0, 48 %, 23 %, 3303 MiB
2026/10/01 00:20:27.368, GPU-4620d639-b5b8-8bac-1b3a-ce19e8d6f9c0, 48 %, 23 %, 3303 MiB
2026/10/01 00:20:27.468, GPU-4620d639-b5b8-8bac-1b3a-ce19e8d6f9c0, 73 %, 22 %, 3191 MiB
2026/10/01 00:20:27.568, GPU-4620d639-b5b8-8bac-1b3a-ce19e8d6f9c0, 73 %, 22 %, 3363 MiB
2026/10/01 00:20:27.668, GPU-4620d639-b5b8-8bac-1b3a-ce19e8d6f9c0, 43 %, 15 %, 3135 MiB
2026/10/01 00:20:27.769, GPU-4620d639-b5b8-8bac-1b3a-ce19e8d6f9c0, 43 %, 15 %, 3303 MiB
2026/10/01 00:20:27.869, GPU-4620d639-b5b8-8bac-1b3a-ce19e8d6f9c0, 70 %, 30 %, 3303 MiB
2026/10/01 00:20:27.969, GPU-4620d639-b5b8-8bac-1b3a-ce19e8d6f9c0, 70 %, 30 %, 3363 MiB
2026/10/01 00:20:28.070, GPU-4620d639-b5b8-8bac-1b3a-ce19e8d6f9c0, 47 %, 5 %, 3525 MiB
2026/10/01 00:20:28.170, GPU-4620d639-b5b8-8bac-1b3a-ce19e8d6f9c0, 47 %, 5 %, 3303 MiB
2026/10/01 00:20:28.270, GPU-4620d639-b5b8-8bac-1b3a-ce19e8d6f9c0, 69 %, 40 %, 3303 MiB
2026/10/01 00:20:28.370, GPU-4620d639-b5b8-8bac-1b3a-ce19e8d6f9c0, 69 %, 40 %, 3191 MiB
2026/10/01 00:20:28.471, GPU-4620d639-b5b8-8bac-1b3a-ce19e8d6f9c0, 58 %, 3 %, 3363 MiB
2026/10/01 00:20:28.571, GPU-4620d639-b5b8-8bac-1b3a-ce19e8d6f9c0, 58 %, 3 %, 3303 MiB
2026/10/01 00:20:28.671, GPU-4620d639-b5b8-8bac-1b3a-ce19e8d6f9c0, 51 %, 31 %, 3303 MiB
2026/10/01 00:20:28.771, GPU-4620d639-b5b8-8bac-1b3a-ce19e8d6f9c0, 51 %, 31 %, 3303 MiB
2026/10/01 00:20:28.872, GPU-4620d639-b5b8-8bac-1b3a-ce19e8d6f9c0, 79 %, 15 %, 3191 MiB
2026/10/01 00:20:28.972, GPU-4620d639-b5b8-8bac-1b3a-ce19e8d6f9c0, 79 %, 15 %, 3363 MiB
2026/10/01 00:20:29.072, GPU-4620d639-b5b8-8bac-1b3a-ce19e8d6f9c0, 31 %, 22 %, 3303 MiB
2026/10/01 00:20:29.172, GPU-4620d639-b5b8-8bac-1b3a-ce19e8d6f9c0, 31 %, 22 %, 3303 MiB
2026/10/01 00:20:29.273, GPU-4620d639-b5b8-8bac-1b3a-ce19e8d6f9c0, 74 %, 22 %, 3303 MiB
2026/10/01 00:20:29.373, GPU-4620d639-b5b8-8bac-1b3a-ce19e8d6f9c0, 74 %, 22 %, 3191 MiB
2026/10/01 00:20:29.473, GPU-4620d639-b5b8-8bac-1b3a-ce19e8d6f9c0, 26 %, 2 %, 3363 MiB
2026/10/01 00:20:29.573, GPU-4620d639-b5b8-8bac-1b3a-ce19e8d6f9c0, 26 %, 2 %, 3303 MiB
2026/10/01 00:20:29.674, GPU-4620d639-b5b8-8bac-1b3a-ce19e8d6f9c0, 54 %, 32 %, 3303 MiB
2026/10/01 00:20:29.774, GPU-4620d639-b5b8-8bac-1b3a-ce19e8d6f9c0, 54 %, 32 %, 3191 MiB
2026/10/01 00:20:29.874, GPU-4620d639-b5b8-8bac-1b3a-ce19e8d6f9c0, 76 %, 13 %, 3363 MiB
2026/10/01 00:20:29.974, GPU-4620d639-b5b8-8bac-1b3a-ce19e8d6f9c0, 76 %, 13 %, 3525 MiB
2026/10/01 00:20:30.075, GPU-4620d639-b5b8-8bac-1b3a-ce19e8d6f9c0, 45 %, 28 %, 3303 MiB
2026/10/01 00:20:30.175, GPU-4620d639-b5b8-8bac-1b3a-ce19e8d6f9c0, 45 %, 28 %, 3303 MiB
2026/10/01 00:20:30.275, GPU-4620d639-b5b8-8bac-1b3a-ce19e8d6f9c0, 80 %, 16 %, 3191 MiB
2026/10/01 00:20:30.376, GPU-4620d639-b5b8-8bac-1b3a-ce19e8d6f9c0, 80 %, 16 %, 3359 MiB
2026/10/01 00:20:30.476, GPU-4620d639-b5b8-8bac-1b3a-ce19e8d6f9c0, 29 %, 18 %, 3135 MiB
2026/10/01 00:20:30.576, GPU-4620d639-b5b8-8bac-1b3a-ce19e8d6f9c0, 29 %, 18 %, 3303 MiB
2026/10/01 00:20:30.676, GPU-4620d639-b5b8-8bac-1b3a-ce19e8d6f9c0, 70 %, 27 %, 3303 MiB
2026/10/01 00:20:30.777, GPU-4620d639-b5b8-8bac-1b3a-ce19e8d6f9c0, 70 %, 27 %, 3363 MiB
2026/10/01 00:20:30.877, GPU-4620d639-b5b8-8bac-1b3a-ce19e8d6f9c0, 47 %, 10 %, 3525 MiB
2026/10/01 00:20:30.977, GPU-4620d639-b5b8-8bac-1b3a-ce19e8d6f9c0, 47 %, 10 %, 3303 MiB
2026/10/01 00:20:31.077, GPU-4620d639-b5b8-8bac-1b3a-ce19e8d6f9c0, 68 %, 35 %, 3303 MiB
2026/10/01 00:20:31.178, GPU-4620d639-b5b8-8bac-1b3a-ce19e8d6f9c0, 68 %, 35 %, 3191 MiB
2026/10/01 00:20:31.278, GPU-4620d639-b5b8-8bac-1b3a-ce19e8d6f9c0, 52 %, 3 %, 3359 MiB
2026/10/01 00:20:31.378, GPU-4620d639-b5b8-8bac-1b3a-ce19e8d6f9c0, 52 %, 3 %, 3303 MiB
2026/10/01 00:20:31.478, GPU-4620d639-b5b8-8bac-1b3a-ce19e8d6f9c0, 59 %, 35 %, 3303 MiB
2026/10/01 00:20:31.579, GPU-4620d639-b5b8-8bac-1b3a-ce19e8d6f9c0, 59 %, 35 %, 3191 MiB
2026/10/01 00:20:31.679, GPU-4620d639-b5b8-8bac-1b3a-ce19e8d6f9c0, 71 %, 9 %, 3363 MiB
2026/10/01 00:20:31.779, GPU-4620d639-b5b8-8bac-1b3a-ce19e8d6f9c0, 71 %, 9 %, 3525 MiB
2026/10/01 00:20:31.879, GPU-4620d639-b5b8-8bac-1b3a-ce19e8d6f9c0, 46 %, 28 %, 3303 MiB
2026/10/01 00:20:31.980, GPU-4620d639-b5b8-8bac-1b3a-ce19e8d6f9c0, 46 %, 28 %, 3303 MiB
2026/10/01 00:20:32.080, GPU-4620d639-b5b8-8bac-1b3a-ce19e8d6f9c0, 77 %, 15 %, 3191 MiB
2026/10/01 00:20:32.180, GPU-4620d639-b5b8-8bac-1b3a-ce19e8d6f9c0, 77 %, 15 %, 3301 MiB
2026/10/01 00:20:32.280, GPU-4620d639-b5b8-8bac-1b3a-ce19e8d6f9c0, 43 %, 26 %, 3303 MiB
2026/10/01 00:20:32.381, GPU-4620d639-b5b8-8bac-1b3a-ce19e8d6f9c0, 43 %, 26 %, 3303 MiB
2026/10/01 00:20:32.481, GPU-4620d639-b5b8-8bac-1b3a-ce19e8d6f9c0, 76 %, 19 %, 3191 MiB
2026/10/01 00:20:32.581, GPU-4620d639-b5b8-8bac-1b3a-ce19e8d6f9c0, 76 %, 19 %, 3367 MiB
2026/10/01 00:20:32.681, GPU-4620d639-b5b8-8bac-1b3a-ce19e8d6f9c0, 47 %, 23 %, 469 MiB
2026/10/01 00:20:32.782, GPU-4620d639-b5b8-8bac-1b3a-ce19e8d6f9c0, 47 %, 23 %, 3303 MiB
2026/10/01 00:20:32.882, GPU-4620d639-b5b8-8bac-1b3a-ce19e8d6f9c0, 70 %, 22 %, 3303 MiB
2026/10/01 00:20:32.982, GPU-4620d639-b5b8-8bac-1b3a-ce19e8d6f9c0, 70 %, 22 %, 3191 MiB
2026/10/01 00:20:33.082, GPU-4620d639-b5b8-8bac-1b3a-ce19e8d6f9c0, 35 %, 5 %, 3469 MiB
2026/10/01 00:20:33.182, GPU-4620d639-b5b8-8bac-1b3a-ce19e8d6f9c0, 35 %, 5 %, 469 MiB
2026/10/01 00:20:33.283, GPU-4620d639-b5b8-8bac-1b3a-ce19e8d6f9c0, 68 %, 39 %, 469 MiB
2026/10/01 00:20:33.383, GPU-4620d639-b5b8-8bac-1b3a-ce19e8d6f9c0, 68 %, 39 %, 469 MiB
2026/10/01 00:20:33.483, GPU-4620d639-b5b8-8bac-1b3a-ce19e8d6f9c0, 40 %, 1 %, 469 MiB
2026/10/01 00:20:33.583, GPU-4620d639-b5b8-8bac-1b3a-ce19e8d6f9c0, 40 %, 1 %, 469 MiB
2026/10/01 00:20:33.683, GPU-4620d639-b5b8-8bac-1b3a-ce19e8d6f9c0, 0 %, 0 %, 469 MiB
2026/10/01 00:20:33.784, GPU-4620d639-b5b8-8bac-1b3a-ce19e8d6f9c0, 0 %, 0 %, 469 MiB
2026/10/01 00:20:33.884, GPU-4620d639-b5b8-8bac-1b3a-ce19e8d6f9c0, 0 %, 0 %, 469 MiB
2026/10/01 00:20:33.984, GPU-4620d639-b5b8-8bac-1b3a-ce19e8d6f9c0, 0 %, 0 %, 469 MiB
2026/10/01 00:20:34.084, GPU-4620d639-b5b8-8bac-1b3a-ce19e8d6f9c0, 0 %, 0 %, 469 MiB
2026/10/01 00:20:34.184, GPU-4620d639-b5b8-8bac-1b3a-ce19e8d6f9c0, 0 %, 0 %, 469 MiB
2026/10/01 00:20:34.285, GPU-4620d639-b5b8-8bac-1b3a-ce19e8d6f9c0, 0 %, 0 %, 469 MiB
2026/10/01 00:20:34.385, GPU-4620d639-b5b8-8bac-1b3a-ce19e8d6f9c0, 0 %, 0 %, 469 MiB
2026/10/01 00:20:34.485, GPU-4620d639-b5b8-8bac-1b3a-ce19e8d6f9c0, 0 %, 0 %, 457 MiB
2026/10/01 00:20:34.585, GPU-4620d639-b5b8-8bac-1b3a-ce19e8d6f9c0, 0 %, 0 %, 4 MiB
2026/10/01 00:20:34.685, GPU-4620d639-b5b8-8bac-1b3a-ce19e8d6f9c0, 1 %, 0 %, 4 MiB
2026/10/01 00:20:34.786, GPU-4620d639-b5b8-8bac-1b3a-ce19e8d6f9c0, 1 %, 0 %, 4 MiB
2026/10/01 00:20:34.886, GPU-4620d639-b5b8-8bac-1b3a-ce19e8d6f9c0, 6 %, 0 %, 4 MiB
2026/10/01 00:20:34.986, GPU-4620d639-b5b8-8bac-1b3a-ce19e8d6f9c0, 6 %, 0 %, 4 MiB
2026/10/01 00:20:35.086, GPU-4620d639-b5b8-8bac-1b3a-ce19e8d6f9c0, 0 %, 0 %, 4 MiB
2026/10/01 00:20:35.187, GPU-4620d639-b5b8-8bac-1b3a-ce19e8d6f9c0, 0 %, 0 %, 4 MiB
2026/10/01 00:20:35.287, GPU-4620d639-b5b8-8bac-1b3a-ce19e8d6f9c0, 0 %, 0 %, 4 MiB
2026/10/01 00:20:35.387, GPU-4620d639-b5b8-8bac-1b3a-ce19e8d6f9c0, 0 %, 0 %, 4 MiB
2026/10/01 00:20:35.487, GPU-4620d639-b5b8-8bac-1b3a-ce19e8d6f9c0, 0 %, 0 %, 4 MiB
2026/10/01 00:20:35.588, GPU-4620d639-b5b8-8bac-1b3a-ce19e8d6f9c0, 0 %, 0 %, 4 MiB
2026/10/01 00:20:35.688, GPU-4620d639-b5b8-8bac-1b3a-ce19e8d6f9c0, 0 %, 0 %, 4 MiB
2026/10/01 00:20:35.788, GPU-4620d639-b5b8-8bac-1b3a-ce19e8d6f9c0, 0 %, 0 %, 4 MiB
2026/10/01 00:20:35.889, GPU-4620d639-b5b8-8bac-1b3a-ce19e8d6f9c0, 0 %, 0 %, 4 MiB
2026/10/01 00:20:35.989, GPU-4620d639-b5b8-8bac-1b3a-ce19e8d6f9c0, 0 %, 0 %, 4 MiB
2026/10/01 00:20:36.090, GPU-4620d639-b5b8-8bac-1b3a-ce19e8d6f9c0, 0 %, 0 %, 4 MiB
2026/10/01 00:20:36.190, GPU-4620d639-b5b8-8bac-1b3a-ce19e8d6f9c0, 0 %, 0 %, 4 MiB
2026/10/01 00:20:36.290, GPU-4620d639-b5b8-8bac-1b3a-ce19e8d6f9c0, 0 %, 0 %, 4 MiB
2026/10/01 00:20:36.391, GPU-4620d639-b5b8-8bac-1b3a-ce19e8d6f9c0, 0 %, 0 %, 4 MiB
2026/10/01 00:20:36.491, GPU-4620d639-b5b8-8bac-1b3a-ce19e8d6f9c0, 0 %, 0 %, 4 MiB
2026/10/01 00:20:36.592, GPU-4620d639-b5b8-8bac-1b3a-ce19e8d6f9c0, 0 %, 0 %, 4 MiB
2026/10/01 00:20:36.692, GPU-4620d639-b5b8-8bac-1b3a-ce19e8d6f9c0, 0 %, 0 %, 4 MiB
2026/10/01 00:20:36.792, GPU-4620d639-b5b8-8bac-1b3a-ce19e8d6f9c0, 0 %, 0 %, 4 MiB
2026/10/01 00:20:36.892, GPU-4620d639-b5b8-8bac-1b3a-ce19e8d6f9c0, 0 %, 0 %, 4 MiB
2026/10/01 00:20:36.992, GPU-4620d639-b5b8-8bac-1b3a-ce19e8d6f9c0, 0 %, 0 %, 4 MiB
2026/10/01 00:20:37.092, GPU-4620d639-b5b8-8bac-1b3a-ce19e8d6f9c0, 0 %, 0 %, 4 MiB
2026/10/01 00:20:37.193, GPU-4620d639-b5b8-8bac-1b3a-ce19e8d6f9c0, 0 %, 0 %, 4 MiB
2026/10/01 00:20:37.293, GPU-4620d639-b5b8-8bac-1b3a-ce19e8d6f9c0, 0 %, 0 %, 4 MiB
2026/10/01 00:20:37.393, GPU-4620d639-b5b8-8bac-1b3a-ce19e8d6f9c0, 0 %, 0 %, 4 MiB
2026/10/01 00:20:37.493, GPU-4620d639-b5b8-8bac-1b3a-ce19e8d6f9c0, 0 %, 0 %, 4 MiB
2026/10/01 00:20:37.594, GPU-4620d639-b5b8-8bac-1b3a-ce19e8d6f9c0, 0 %, 0 %, 4 MiB
2026/10/01 00:20:37.694, GPU-4620d639-b5b8-8bac-1b3a-ce19e8d6f9c0, 0 %, 0 %, 4 MiB
2026/10/01 00:20:37.794, GPU-4620d639-b5b8-8bac-1b3a-ce19e8d6f9c0, 0 %, 0 %, 4 MiB
2026/10/01 00:20:37.894, GPU-4620d639-b5b8-8bac-1b3a-ce19e8d6f9c0, 0 %, 0 %, 4 MiB
2026/10/01 00:20:37.994, GPU-4620d639-b5b8-8bac-1b3a-ce19e8d6f9c0, 0 %, 0 %, 4 MiB
2026/10/01 00:20:38.095, GPU-4620d639-b5b8-8bac-1b3a-ce19e8d6f9c0, 0 %, 0 %, 4 MiB
2026/10/01 00:20:38.195, GPU-4620d639-b5b8-8bac-1b3a-ce19e8d6f9c0, 0 %, 0 %, 4 MiB
2026/10/01 00:20:38.295, GPU-4620d639-b5b8-8bac-1b3a-ce19e8d6f9c0, 0 %, 0 %, 4 MiB
2026/10/01 00:20:38.395, GPU-4620d639-b5b8-8bac-1b3a-ce19e8d6f9c0, 0 %, 0 %, 4 MiB
2026/10/01 00:20:38.495, GPU-4620d639-b5b8-8bac-1b3a-ce19e8d6f9c0, 0 %, 0 %, 4 MiB
2026/10/01 00:20:38.595, GPU-4620d639-b5b8-8bac-1b3a-ce19e8d6f9c0, 0 %, 0 %, 4 MiB
2026/10/01 00:20:38.696, GPU-4620d639-b5b8-8bac-1b3a-ce19e8d6f9c0, 0 %, 0 %, 4 MiB
2026/10/01 00:20:38.796, GPU-4620d639-b5b8-8bac-1b3a-ce19e8d6f9c0, 0 %, 0 %, 4 MiB
2026/10/01 00:20:38.896, GPU-4620d639-b5b8-8bac-1b3a-ce19e8d6f9c0, 0 %, 0 %, 4 MiB
2026/10/01 00:20:38.996, GPU-4620d639-b5b8-8bac-1b3a-ce19e8d6f9c0, 0 %, 0 %, 4 MiB
2026/10/01 00:20:39.096, GPU-4620d639-b5b8-8bac-1b3a-ce19e8d6f9c0, 0 %, 0 %, 4 MiB
2026/10/01 00:20:39.196, GPU-4620d639-b5b8-8bac-1b3a-ce19e8d6f9c0, 0 %, 0 %, 4 MiB
2026/10/01 00:20:39.297, GPU-4620d639-b5b8-8bac-1b3a-ce19e8d6f9c0, 0 %, 0 %, 4 MiB
2026/10/01 00:20:39.397, GPU-4620d639-b5b8-8bac-1b3a-ce19e8d6f9c0, 0 %, 0 %, 4 MiB
2026/10/01 00:20:39.497, GPU-4620d639-b5b8-8bac-1b3a-ce19e8d6f9c0, 0 %, 0 %, 4 MiB
2026/10/01 00:20:39.597, GPU-4620d639-b5b8-8bac-1b3a-ce19e8d6f9c0, 0 %, 0 %, 4 MiB
2026/10/01 00:20:39.698, GPU-4620d639-b5b8-8bac-1b3a-ce19e8d6f9c0, 0 %, 0 %, 4 MiB
2026/10/01 00:20:39.798, GPU-4620d639-b5b8-8bac-1b3a-ce19e8d6f9c0, 0 %, 0 %, 4 MiB
2026/10/01 00:20:39.898, GPU-4620d639-b5b8-8bac-1b3a-ce19e8d6f9c0, 0 %, 0 %, 4 MiB
2026/10/01 00:20:39.998, GPU-4620d639-b5b8-8bac-1b3a-ce19e8d6f9c0, 0 %, 0 %, 4 MiB
2026/10/01 00:20:40.098, GPU-4620d639-b5b8-8bac-1b3a-ce19e8d6f9c0, 0 %, 0 %, 4 MiB
